<?xml version="1.0" encoding="UTF-8"?>
<project xmlns="http://www.netbeans.org/ns/project/1">
    <type>com.microchip.mplab.nbide.embedded.makeproject</type>
    <configuration>
        <data xmlns="http://www.netbeans.org/ns/make-project/1">
            <name>p2_covid</name>
            <creation-uuid>4724ce26-89eb-4d71-8a24-f4da7d5f68de</creation-uuid>
            <make-project-type>0</make-project-type>
            <c-extensions>c</c-extensions>
            <cpp-extensions/>
            <header-extensions>h</header-extensions>
            <asminc-extensions/>
            <sourceEncoding>ISO-8859-1</sourceEncoding>
            <make-dep-projects/>
        </data>
    </configuration>
</project>
